"titration","genotype","Kd","Kd_SE","mean_FITCpos","stderr_FITCpos","mean_logMFI_FITC","stderr_logMFI_FITC"
1,"wildtype",4.65574070790836e-11,2.63688327211879e-12,NA,NA,NA,NA
2,"Q498Y",3.07599230655568e-11,1.91685032551804e-12,61.9,1.14607366625573,9.18094184192965,0.0442997935193769
3,"N501D",1.0024554557815e-08,2.62879325025466e-09,64.5,0.870823365174209,9.28936749878186,0.0191164939307572
4,"N501F",1.74479841625902e-11,9.07168018467377e-13,61.9083333333333,1.42756724266258,9.12406148500564,0.0394514590299405
5,"N501T",2.60471746987994e-11,1.28244461087407e-12,58.9166666666667,1.28939928069257,9.04179458946617,0.0326206958314938
6,"G502D",1.25381333420667e-06,5.42482735692117e-06,66.9333333333333,0.440958551844099,9.32781593266017,0.0125712558355902
7,"L455Y",2.03999602243091e-09,4.88638591904615e-10,62.2333333333333,1.24434072439338,9.19874629578888,0.0276588664927291
8,"N439K",3.66189936155807e-11,1.69178405939146e-12,56.7666666666667,1.02198064778373,9.03812030540157,0.0313787684479924
9,"T478I",5.78458185922035e-11,2.97865064474342e-12,58.5,0.977473552304381,9.19173992626007,0.0308723304088071
10,"V367F",3.2679248470171e-11,1.39100973958969e-12,59.2833333333333,1.40620019552658,9.58130321391973,0.0363351748268215
11,"V483A",4.82132996939992e-11,2.80620348734496e-12,56.8333333333333,1.17217315230724,9.1275268247174,0.0331561146525287
