Residue,Volume ,Log_solubility,Hydrophobicity,Isoelectric_point,Helix_propensity,N_oxygens,N_nitrogens,N_sulfurs,N_Hbonds,Steric_hindrance,Flexibility
A,88.6,0.271144318,0.31,6.11,0.42,0,0,0,0,1.28,18
C,108.5,-0.675717545,1.54,6.35,0.17,0,0,1,3,1.77,25
D,111.1,-1.420216403,-0.77,2.95,0.25,2,0,0,4,1.6,20
E,138.4,-1.22184875,-0.64,3.09,0.42,2,0,0,4,1.56,8.1
F,189.9,-0.769551079,1.79,5.67,0.3,0,0,0,0,2.94,7.6
G,60.1,0.527629901,0,6.07,0.13,0,0,0,0,0,39
H,153.2,-0.55129368,0.13,7.69,0.27,0,2,0,3,2.99,4.8
I,166.7,-0.616184634,1.8,6.04,0.3,0,0,0,0,4.19,2.3
K,168.6,0.227115083,-0.99,9.99,0.32,0,1,0,3,1.89,3.4
L,166.7,-0.777283529,1.7,6.04,0.39,0,0,0,0,2.59,10
M,162.9,-0.425968732,1.23,5.71,0.38,0,0,1,0,2.35,14
N,114.1,-0.721246399,-0.6,6.52,0.21,1,1,0,5,1.6,20
P,112.7,1.05300157,0.72,6.8,0.13,0,0,0,0,2.67,0.1
Q,143.8,-0.536107011,-0.22,5.65,0.36,1,1,0,5,1.56,7.2
R,173.4,0.051152522,-1.01,10.74,0.36,0,3,0,7,2.34,4.6
S,89,0.541579244,-0.04,5.7,0.2,1,0,0,3,1.31,25
T,116.1,-0.085128182,0.26,5.6,0.21,1,0,0,3,3.03,11
V,140,-0.300162274,1.22,6.02,0.27,0,0,0,0,3.67,3
W,227.8,-1.187086643,2.25,5.94,0.32,0,1,0,1,3.21,3.8
Y,193.6,-2.522878745,0.96,5.66,0.25,1,0,0,3,2.94,7.6