"expt","genotype","replicate","Kd","Kd_SE","avg_FITCpos","avg_FITC_meanF"
"20200501","SARS-CoV-2","1",4.99110802721227e-11,1.95049570114409e-12,61.9333333333333,NA
"20200501","SARS-CoV-2","2",5.47042937974366e-11,4.49711125208386e-12,58.775,NA
"20200501","SARS-CoV-2","3",4.67487509616811e-11,2.30060347919183e-12,61.3181818181818,NA
"20200501","SARS-CoV-2","pooled",5.07656421964105e-11,1.85787194410507e-12,60.6571428571429,NA
